{
    "name": "root",
    "gauges": {
        "Platformer2DOneJumpCamera.Policy.Entropy.mean": {
            "value": 1.4233745336532593,
            "min": 1.4203360080718994,
            "max": 1.4233745336532593,
            "count": 4
        },
        "Platformer2DOneJumpCamera.Policy.ExtrinsicValueEstimate.mean": {
            "value": 0.26782625913619995,
            "min": 0.26782625913619995,
            "max": 0.6163577437400818,
            "count": 4
        },
        "Platformer2DOneJumpCamera.Environment.EpisodeLength.mean": {
            "value": 4999.0,
            "min": 4999.0,
            "max": 4999.0,
            "count": 4
        },
        "Platformer2DOneJumpCamera.Environment.CumulativeReward.mean": {
            "value": 9.77976987232687,
            "min": 5.6306028436811175,
            "max": 9.77976987232687,
            "count": 4
        },
        "Platformer2DOneJumpCamera.Policy.ExtrinsicReward.mean": {
            "value": 9.77976987232687,
            "min": 5.6306028436811175,
            "max": 9.77976987232687,
            "count": 4
        },
        "Platformer2DOneJumpCamera.IsTraining.mean": {
            "value": 1.0,
            "min": 1.0,
            "max": 1.0,
            "count": 4
        },
        "Platformer2DOneJumpCamera.Losses.ValueLoss.mean": {
            "value": 0.016034148633480072,
            "min": 0.010182632133364677,
            "max": 0.016034148633480072,
            "count": 3
        },
        "Platformer2DOneJumpCamera.Losses.PolicyLoss.mean": {
            "value": 0.02545434795320034,
            "min": 0.02445189096033573,
            "max": 0.026051189750432968,
            "count": 3
        },
        "Platformer2DOneJumpCamera.Policy.LearningRate.mean": {
            "value": 1.423689718649257e-05,
            "min": 1.423689718649257e-05,
            "max": 7.577288488391787e-05,
            "count": 3
        },
        "Platformer2DOneJumpCamera.Policy.Epsilon.mean": {
            "value": 0.10474560409784317,
            "min": 0.10474560409784317,
            "max": 0.12525758147239685,
            "count": 3
        },
        "Platformer2DOneJumpCamera.Policy.Beta.mean": {
            "value": 0.00024680542992427945,
            "min": 0.00024680542992427945,
            "max": 0.0012703541433438659,
            "count": 3
        }
    },
    "metadata": {
        "timer_format_version": "0.1.0",
        "start_time_seconds": "1616584989",
        "python_version": "3.8.5 (default, Sep  3 2020, 21:29:08) [MSC v.1916 64 bit (AMD64)]",
        "command_line_arguments": "C:\\Users\\Usuario1\\anaconda3\\envs\\mlagents1\\Scripts\\mlagents-learn --run-id=OneJumpCam --resume",
        "mlagents_version": "0.20.0",
        "mlagents_envs_version": "0.20.0",
        "communication_protocol_version": "1.1.0",
        "tensorflow_version": "2.2.0-rc1",
        "numpy_version": "1.18.5",
        "end_time_seconds": "1616586760"
    },
    "total": 1771.144843,
    "count": 1,
    "self": 0.34568960000001425,
    "children": {
        "run_training.setup": {
            "total": 0.018133999999999872,
            "count": 1,
            "self": 0.018133999999999872
        },
        "TrainerController.start_learning": {
            "total": 1770.7810194,
            "count": 1,
            "self": 5.69591300000593,
            "children": {
                "TrainerController._reset_env": {
                    "total": 12.0146012,
                    "count": 1,
                    "self": 12.0146012
                },
                "TrainerController.advance": {
                    "total": 1748.5081780999942,
                    "count": 157164,
                    "self": 2.6750369000053524,
                    "children": {
                        "env_step": {
                            "total": 1745.8331411999889,
                            "count": 157164,
                            "self": 1354.6871418999658,
                            "children": {
                                "SubprocessEnvManager._take_step": {
                                    "total": 386.8506404000252,
                                    "count": 157164,
                                    "self": 5.127561800045214,
                                    "children": {
                                        "TFPolicy.evaluate": {
                                            "total": 381.72307859998,
                                            "count": 157164,
                                            "self": 381.72307859998
                                        }
                                    }
                                },
                                "workers": {
                                    "total": 4.295358899997709,
                                    "count": 157164,
                                    "self": 0.0,
                                    "children": {
                                        "worker_root": {
                                            "total": 1751.9560526999671,
                                            "count": 157164,
                                            "is_parallel": true,
                                            "self": 596.6452916999792,
                                            "children": {
                                                "steps_from_proto": {
                                                    "total": 0.015445399999999054,
                                                    "count": 1,
                                                    "is_parallel": true,
                                                    "self": 0.00014810000000053947,
                                                    "children": {
                                                        "_process_visual_observation": {
                                                            "total": 0.015143599999998258,
                                                            "count": 2,
                                                            "is_parallel": true,
                                                            "self": 4.1199999998298154e-05,
                                                            "children": {
                                                                "observation_to_np_array": {
                                                                    "total": 0.01510239999999996,
                                                                    "count": 1,
                                                                    "is_parallel": true,
                                                                    "self": 2.7199999999893976e-05,
                                                                    "children": {
                                                                        "process_pixels": {
                                                                            "total": 0.015075200000000066,
                                                                            "count": 1,
                                                                            "is_parallel": true,
                                                                            "self": 0.00023990000000040368,
                                                                            "children": {
                                                                                "image_decompress": {
                                                                                    "total": 0.014835299999999663,
                                                                                    "count": 1,
                                                                                    "is_parallel": true,