{
    "name": "root",
    "metadata": {
        "timer_format_version": "0.1.0",
        "start_time_seconds": "1616754300",
        "python_version": "3.8.5 (default, Sep  3 2020, 21:29:08) [MSC v.1916 64 bit (AMD64)]",
        "command_line_arguments": "C:\\Users\\Usuario1\\anaconda3\\envs\\mlagents1\\Scripts\\mlagents-learn --run-id=OJDangerRaycast7 --resume",
        "mlagents_version": "0.20.0",
        "mlagents_envs_version": "0.20.0",
        "communication_protocol_version": "1.1.0",
        "tensorflow_version": "2.2.0-rc1",
        "numpy_version": "1.18.5",
        "end_time_seconds": "1616754313"
    },
    "total": 13.144998300000001,
    "count": 1,
    "self": 0.30979819999999947,
    "children": {
        "run_training.setup": {
            "total": 0.0216428999999998,
            "count": 1,
            "self": 0.0216428999999998
        },
        "TrainerController.start_learning": {
            "total": 12.813557200000002,
            "count": 1,
            "self": 0.011662100000000564,
            "children": {
                "TrainerController._reset_env": {
                    "total": 10.0729629,
                    "count": 1,
                    "self": 10.0729629
                },
                "trainer_threads": {
                    "total": 2.150000000078478e-05,
                    "count": 1,
                    "self": 2.150000000078478e-05,
                    "children": {
                        "thread_root": {
                            "total": 0.0,
                            "count": 0,
                            "is_parallel": true,
                            "self": 0.0,
                            "children": {
                                "trainer_advance": {
                                    "total": 0.011427900000001046,
                                    "count": 1,
                                    "is_parallel": true,
                                    "self": 2.9400000000734394e-05,
                                    "children": {
                                        "process_trajectory": {
                                            "total": 0.011398500000000311,
                                            "count": 1,
                                            "is_parallel": true,
                                            "self": 0.011398500000000311
                                        }
                                    }
                                }
                            }
                        }
                    }
                },
                "TrainerController._save_models": {
                    "total": 2.7289107,
                    "count": 1,
                    "self": 0.011917100000001568,
                    "children": {
                        "RLTrainer._checkpoint": {
                            "total": 2.7169935999999986,
                            "count": 1,
                            "self": 2.7169935999999986
                        }
                    }
                }
            }
        }
    }
}