{
    "name": "root",
    "metadata": {
        "timer_format_version": "0.1.0",
        "start_time_seconds": "1617215086",
        "python_version": "3.8.5 (default, Sep  3 2020, 21:29:08) [MSC v.1916 64 bit (AMD64)]",
        "command_line_arguments": "C:\\Users\\Usuario1\\anaconda3\\envs\\mlagents1\\Scripts\\mlagents-learn --run-id=RelativeRandom --resume",
        "mlagents_version": "0.20.0",
        "mlagents_envs_version": "0.20.0",
        "communication_protocol_version": "1.1.0",
        "tensorflow_version": "2.2.0-rc1",
        "numpy_version": "1.18.5",
        "end_time_seconds": "1617215103"
    },
    "total": 17.2211299,
    "count": 1,
    "self": 0.3050856000000053,
    "children": {
        "run_training.setup": {
            "total": 0.018222399999999972,
            "count": 1,
            "self": 0.018222399999999972
        },
        "TrainerController.start_learning": {
            "total": 16.897821899999997,
            "count": 1,
            "self": 0.014687599999994916,
            "children": {
                "TrainerController._reset_env": {
                    "total": 13.310916400000002,
                    "count": 1,
                    "self": 13.310916400000002
                },
                "trainer_threads": {
                    "total": 1.8499999999477268e-05,
                    "count": 1,
                    "self": 1.8499999999477268e-05,
                    "children": {
                        "thread_root": {
                            "total": 0.0,
                            "count": 0,
                            "is_parallel": true,
                            "self": 0.0,
                            "children": {
                                "trainer_advance": {
                                    "total": 0.014488499999998794,
                                    "count": 1,
                                    "is_parallel": true,
                                    "self": 6.279999999847519e-05,
                                    "children": {
                                        "process_trajectory": {
                                            "total": 0.014425700000000319,
                                            "count": 1,
                                            "is_parallel": true,
                                            "self": 0.014425700000000319
                                        }
                                    }
                                }
                            }
                        }
                    }
                },
                "TrainerController._save_models": {
                    "total": 3.572199399999999,
                    "count": 1,
                    "self": 0.009193899999996091,
                    "children": {
                        "RLTrainer._checkpoint": {
                            "total": 3.5630055000000027,
                            "count": 1,
                            "self": 3.5630055000000027
                        }
                    }
                }
            }
        }
    }
}