{
    "name": "root",
    "gauges": {
        "OneJumpRaycast.Policy.Entropy.mean": {
            "value": 1.3893158435821533,
            "min": 1.3893158435821533,
            "max": 1.4137589931488037,
            "count": 7
        },
        "OneJumpRaycast.Policy.ExtrinsicValueEstimate.mean": {
            "value": -0.002115457085892558,
            "min": -0.08574890345335007,
            "max": -0.002115457085892558,
            "count": 7
        },
        "OneJumpRaycast.Losses.ValueLoss.mean": {
            "value": 5.034636885170585e-08,
            "min": 5.034636885170585e-08,
            "max": 0.00017019461665768176,
            "count": 7
        },
        "OneJumpRaycast.Losses.PolicyLoss.mean": {
            "value": 0.021516025066375732,
            "min": 0.021516025066375732,
            "max": 0.024965588003396988,
            "count": 7
        },
        "OneJumpRaycast.Policy.LearningRate.mean": {
            "value": 0.00010557511996012181,
            "min": 0.00010557511996012181,
            "max": 0.0002831040183082223,
            "count": 7
        },
        "OneJumpRaycast.Policy.Epsilon.mean": {
            "value": 0.13519169390201569,
            "min": 0.13519169390201569,
            "max": 0.19436800479888916,
            "count": 7
        },
        "OneJumpRaycast.Policy.Beta.mean": {
            "value": 0.0017660644371062517,
            "min": 0.0017660644371062517,
            "max": 0.00471896305680275,
            "count": 7
        },
        "OneJumpRaycast.IsTraining.mean": {
            "value": 1.0,
            "min": 1.0,
            "max": 1.0,
            "count": 7
        },
        "OneJumpRaycast.Environment.EpisodeLength.mean": {
            "value": 4999.0,
            "min": 4999.0,
            "max": 4999.0,
            "count": 4
        },
        "OneJumpRaycast.Environment.CumulativeReward.mean": {
            "value": 0.0,
            "min": -0.13333333532015482,
            "max": 0.0,
            "count": 4
        },
        "OneJumpRaycast.Policy.ExtrinsicReward.mean": {
            "value": 0.0,
            "min": -0.13333333532015482,
            "max": 0.0,
            "count": 4
        }
    },
    "metadata": {
        "timer_format_version": "0.1.0",
        "start_time_seconds": "1616752440",
        "python_version": "3.8.5 (default, Sep  3 2020, 21:29:08) [MSC v.1916 64 bit (AMD64)]",
        "command_line_arguments": "C:\\Users\\Usuario1\\anaconda3\\envs\\mlagents1\\Scripts\\mlagents-learn --run-id=OJDangerRaycast6",
        "mlagents_version": "0.20.0",
        "mlagents_envs_version": "0.20.0",
        "communication_protocol_version": "1.1.0",
        "tensorflow_version": "2.2.0-rc1",
        "numpy_version": "1.18.5",
        "end_time_seconds": "1616753173"
    },
    "total": 732.9198630999999,
    "count": 1,
    "self": 0.004691199999911078,
    "children": {
        "run_training.setup": {
            "total": 0.016740700000000608,
            "count": 1,
            "self": 0.016740700000000608
        },
        "TrainerController.start_learning": {
            "total": 732.8984312,
            "count": 1,
            "self": 0.9923053999976901,
            "children": {
                "TrainerController._reset_env": {
                    "total": 25.2347258,
                    "count": 1,
                    "self": 25.2347258
                },
                "TrainerController.advance": {
                    "total": 703.6131470000023,
                    "count": 23451,
                    "self": 0.4500477999998793,
                    "children": {
                        "env_step": {
                            "total": 703.1630992000024,
                            "count": 23451,
                            "self": 646.0935144000046,
                            "children": {
                                "SubprocessEnvManager._take_step": {
                                    "total": 56.5945170999987,
                                    "count": 23451,
                                    "self": 1.2596353000009088,
                                    "children": {
                                        "TFPolicy.evaluate": {
                                            "total": 55.33488179999779,
                                            "count": 23451,
                                            "self": 55.33488179999779
                                        }
                                    }
                                },
                                "workers": {
                                    "total": 0.4750676999991619,
                                    "count": 23450,
                                    "self": 0.0,
                                    "children": {
                                        "worker_root": {
                                            "total": 705.8216281999928,
                                            "count": 23450,
                                            "is_parallel": true,
                                            "self": 135.0111548999904,
                                            "children": {
                                                "steps_from_proto": {
                                                    "total": 0.000864299999999929,
                                                    "count": 1,
                                                    "is_parallel": true,
                                                    "self": 0.00018400000000085015,
                                                    "children": {
                                                        "_process_vector_observation": {
                                                            "total": 0.0006802999999990789,
                                                            "count": 4,
                                                            "is_parallel": true,
                                                            "self": 0.0006802999999990789
                                                        }
                                                    }
                                                },
                                                "UnityEnvironment.step": {
                                                    "total": 570.8096090000024,
                                                    "count": 23450,
                                                    "is_parallel": true,
                                                    "self": 3.2429914000107374,
                                                    "children": {
                                                        "UnityEnvironment._generate_step_input": {
                                                            "total": 19.471970300000265,
                                                            "count": 23450,
                                                            "is_parallel": true,
                                                            "self": 19.471970300000265
                                                        },
                                                        "communicator.exchange": {
                                                            "total": 529.8655880999977,
                                                            "count": 23450,
                                                            "is_parallel": true,
                                                            "self": 529.8655880999977
                                                        },
                                                        "steps_from_proto": {
                                                            "total": 18.229059199993632,
                                                            "count": 23450,
                                                            "is_parallel": true,