{
    "name": "root",
    "gauges": {
        "RelativePosRandom.Policy.Entropy.mean": {
            "value": 0.8419145345687866,
            "min": 0.8419145345687866,
            "max": 1.3319072723388672,
            "count": 4
        },
        "RelativePosRandom.Policy.ExtrinsicValueEstimate.mean": {
            "value": -0.46424755454063416,
            "min": -9.578678131103516,
            "max": -0.46424755454063416,
            "count": 4
        },
        "RelativePosRandom.Policy.CuriosityValueEstimate.mean": {
            "value": 1.086201786994934,
            "min": -12.29078197479248,
            "max": 1.5899807214736938,
            "count": 4
        },
        "RelativePosRandom.Losses.ValueLoss.mean": {
            "value": 0.006577232386916876,
            "min": 0.006577232386916876,
            "max": 30.34263801574707,
            "count": 4
        },
        "RelativePosRandom.Losses.PolicyLoss.mean": {
            "value": 0.0693579688668251,
            "min": 0.067899689078331,
            "max": 0.0693579688668251,
            "count": 4
        },
        "RelativePosRandom.Policy.LearningRate.mean": {
            "value": 0.0002994739334098995,
            "min": 0.0002994739334098995,
            "max": 0.0002999238786287606,
            "count": 4
        },
        "RelativePosRandom.Policy.Epsilon.mean": {
            "value": 0.19982463121414185,
            "min": 0.19982463121414185,
            "max": 0.19997462630271912,
            "count": 4
        },
        "RelativePosRandom.Policy.Beta.mean": {
            "value": 0.00998248253017664,
            "min": 0.00998248253017664,
            "max": 0.009997464716434479,
            "count": 4
        },
        "RelativePosRandom.Losses.CuriosityForwardLoss.mean": {
            "value": 0.337534636259079,
            "min": 0.337534636259079,
            "max": 293.1587829589844,
            "count": 4
        },
        "RelativePosRandom.Losses.CuriosityInverseLoss.mean": {
            "value": 0.8653717041015625,
            "min": 0.8653717041015625,
            "max": 1.4011436700820923,
            "count": 4
        },
        "RelativePosRandom.IsTraining.mean": {
            "value": 1.0,
            "min": 1.0,
            "max": 1.0,
            "count": 4
        }
    },
    "metadata": {
        "timer_format_version": "0.1.0",
        "start_time_seconds": "1617222947",
        "python_version": "3.8.5 (default, Sep  3 2020, 21:29:08) [MSC v.1916 64 bit (AMD64)]",
        "command_line_arguments": "C:\\Users\\Usuario1\\anaconda3\\envs\\mlagents1\\Scripts\\mlagents-learn config/ppo/RelativePosRandom.yaml --run-id=RelativeRandom6",
        "mlagents_version": "0.20.0",
        "mlagents_envs_version": "0.20.0",
        "communication_protocol_version": "1.1.0",
        "tensorflow_version": "2.2.0-rc1",
        "numpy_version": "1.18.5",
        "end_time_seconds": "1617223830"
    },
    "total": 883.1898362000001,
    "count": 1,
    "self": 0.024405900000147085,
    "children": {
        "run_training.setup": {
            "total": 0.012716000000000172,
            "count": 1,
            "self": 0.012716000000000172
        },
        "TrainerController.start_learning": {
            "total": 883.1527143,
            "count": 1,
            "self": 1.1490508000058526,
            "children": {
                "TrainerController._reset_env": {
                    "total": 15.959131099999999,
                    "count": 1,
                    "self": 15.959131099999999
                },
                "TrainerController.advance": {
                    "total": 853.5179418999941,
                    "count": 24634,
                    "self": 0.550438099998587,
                    "children": {
                        "env_step": {
                            "total": 852.9675037999955,
                            "count": 24634,
                            "self": 389.46993099999196,
                            "children": {
                                "SubprocessEnvManager._take_step": {
                                    "total": 462.9094916000032,
                                    "count": 24634,
                                    "self": 1.4743889000056924,
                                    "children": {
                                        "TFPolicy.evaluate": {
                                            "total": 461.4351026999975,
                                            "count": 24634,
                                            "self": 461.4351026999975
                                        }
                                    }
                                },
                                "workers": {
                                    "total": 0.5880812000003353,
                                    "count": 24633,
                                    "self": 0.0,
                                    "children": {
                                        "worker_root": {
                                            "total": 859.5782363,
                                            "count": 24633,
                                            "is_parallel": true,
                                            "self": 540.6841375000034,
                                            "children": {
                                                "steps_from_proto": {
                                                    "total": 0.000664000000000442,
                                                    "count": 1,
                                                    "is_parallel": true,
                                                    "self": 0.0003299000000005492,
                                                    "children": {
                                                        "_process_vector_observation": {
                                                            "total": 0.0003340999999998928,
                                                            "count": 2,
                                                            "is_parallel": true,
                                                            "self": 0.0003340999999998928
                                                        }
                                                    }
                                                },
                                                "UnityEnvironment.step": {
                                                    "total": 318.8934347999965,
                                                    "count": 24633,
                                                    "is_parallel": true,
                                                    "self": 2.6676942999914104,
                                                    "children": {
                                                        "UnityEnvironment._generate_step_input": {
                                                            "total": 14.287195400003107,
                                                            "count": 24633,
                                                            "is_parallel": true,
                                                            "self": 14.287195400003107
                                                        },
                                                        "communicator.exchange": {
                                                            "total": 289.54628379999247,
                                                            "count": 24633,
                                                            "is_parallel": true,
                                                            "self": 289.54628379999247
                                                        },
                                                        "steps_from_proto": {
                                                            "total": 12.392261300009512,