{
    "name": "root",
    "gauges": {
        "RelativePosRandomAuto.Policy.Entropy.mean": {
            "value": 0.24567541480064392,
            "min": 0.24567541480064392,
            "max": 0.6625884771347046,
            "count": 4
        },
        "RelativePosRandomAuto.Environment.EpisodeLength.mean": {
            "value": 42.98231653404067,
            "min": 5.1360903178304085,
            "max": 42.98231653404067,
            "count": 4
        },
        "RelativePosRandomAuto.Policy.ExtrinsicValueEstimate.mean": {
            "value": -0.10169850289821625,
            "min": -0.10169850289821625,
            "max": 7.431519508361816,
            "count": 4
        },
        "RelativePosRandomAuto.Environment.CumulativeReward.mean": {
            "value": -0.198231656357949,
            "min": -0.19857428297464208,
            "max": -0.19766814236985916,
            "count": 4
        },
        "RelativePosRandomAuto.Policy.ExtrinsicReward.mean": {
            "value": -0.198231656357949,
            "min": -0.19857428297464208,
            "max": -0.19766814236985916,
            "count": 4
        },
        "RelativePosRandomAuto.Losses.ValueLoss.mean": {
            "value": 0.06164246052503586,
            "min": 0.06164246052503586,
            "max": 66.95753479003906,
            "count": 4
        },
        "RelativePosRandomAuto.Losses.PolicyLoss.mean": {
            "value": 0.02550657093524933,
            "min": 0.024785583838820457,
            "max": 0.025745050981640816,
            "count": 4
        },
        "RelativePosRandomAuto.Policy.LearningRate.mean": {
            "value": 0.00019529007840901613,
            "min": 0.00019529007840901613,
            "max": 0.0002846054849214852,
            "count": 4
        },
        "RelativePosRandomAuto.Policy.Epsilon.mean": {
            "value": 0.16509667038917542,
            "min": 0.16509667038917542,
            "max": 0.1948685199022293,
            "count": 4
        },
        "RelativePosRandomAuto.Policy.Beta.mean": {
            "value": 0.003258324461057782,
            "min": 0.003258324461057782,
            "max": 0.004743937868624926,
            "count": 4
        },
        "RelativePosRandomAuto.IsTraining.mean": {
            "value": 1.0,
            "min": 1.0,
            "max": 1.0,
            "count": 4
        }
    },
    "metadata": {
        "timer_format_version": "0.1.0",
        "start_time_seconds": "1617296171",
        "python_version": "3.8.5 (default, Sep  3 2020, 21:29:08) [MSC v.1916 64 bit (AMD64)]",
        "command_line_arguments": "C:\\Users\\Usuario1\\anaconda3\\envs\\mlagents1\\Scripts\\mlagents-learn config/ppo/RelativePosRandomAuto.yaml --run-id=RelativePosRandomAuto2",
        "mlagents_version": "0.20.0",
        "mlagents_envs_version": "0.20.0",
        "communication_protocol_version": "1.1.0",
        "tensorflow_version": "2.2.0-rc1",
        "numpy_version": "1.18.5",
        "end_time_seconds": "1617297776"
    },
    "total": 1604.6700207,
    "count": 1,
    "self": 0.008276599999817336,
    "children": {
        "run_training.setup": {
            "total": 0.026166300000000753,
            "count": 1,
            "self": 0.026166300000000753
        },
        "TrainerController.start_learning": {
            "total": 1604.6355778,
            "count": 1,
            "self": 4.785421200002702,
            "children": {
                "TrainerController._reset_env": {
                    "total": 24.1974409,
                    "count": 1,
                    "self": 24.1974409
                },
                "TrainerController.advance": {
                    "total": 1572.2880697999974,
                    "count": 125290,
                    "self": 2.2875995999825136,
                    "children": {
                        "env_step": {
                            "total": 1570.000470200015,
                            "count": 125290,
                            "self": 1169.9971256000076,
                            "children": {
                                "SubprocessEnvManager._take_step": {
                                    "total": 397.42865559999683,
                                    "count": 125290,
                                    "self": 4.808747200004916,
                                    "children": {
                                        "TFPolicy.evaluate": {
                                            "total": 392.6199083999919,
                                            "count": 119002,
                                            "self": 392.6199083999919
                                        }
                                    }
                                },
                                "workers": {
                                    "total": 2.574689000010313,
                                    "count": 125289,
                                    "self": 0.0,
                                    "children": {
                                        "worker_root": {
                                            "total": 1576.1518114999865,
                                            "count": 125289,
                                            "is_parallel": true,
                                            "self": 597.7461638999986,
                                            "children": {
                                                "steps_from_proto": {
                                                    "total": 0.0004200999999994792,
                                                    "count": 1,
                                                    "is_parallel": true,
                                                    "self": 0.00022380000000055134,
                                                    "children": {
                                                        "_process_vector_observation": {
                                                            "total": 0.0001962999999989279,
                                                            "count": 2,
                                                            "is_parallel": true,
                                                            "self": 0.0001962999999989279
                                                        }
                                                    }
                                                },
                                                "UnityEnvironment.step": {
                                                    "total": 978.4052274999879,
                                                    "count": 125289,
                                                    "is_parallel": true,
                                                    "self": 10.800890100025754,
                                                    "children": {
                                                        "UnityEnvironment._generate_step_input": {
                                                            "total": 26.194326999998392,
                                                            "count": 125289,
                                                            "is_parallel": true,
                                                            "self": 26.194326999998392
                                                        },
                                                        "communicator.exchange": {
                                                            "total": 898.0720447999868,
                                                            "count": 125289,
                                                            "is_parallel": true,
                                                            "self": 898.0720447999868
                                                        },
                                                        "steps_from_proto": {
                                                            "total": 43.337965599977046,