{
    "name": "root",
    "metadata": {
        "timer_format_version": "0.1.0",
        "start_time_seconds": "1617299468",
        "python_version": "3.8.5 (default, Sep  3 2020, 21:29:08) [MSC v.1916 64 bit (AMD64)]",
        "command_line_arguments": "C:\\Users\\Usuario1\\anaconda3\\envs\\mlagents1\\Scripts\\mlagents-learn --run-id=RandomRaycast --resume",
        "mlagents_version": "0.20.0",
        "mlagents_envs_version": "0.20.0",
        "communication_protocol_version": "1.1.0",
        "tensorflow_version": "2.2.0-rc1",
        "numpy_version": "1.18.5",
        "end_time_seconds": "1617299484"
    },
    "total": 15.90261,
    "count": 1,
    "self": 0.3148734000000015,
    "children": {
        "run_training.setup": {
            "total": 0.019401900000000083,
            "count": 1,
            "self": 0.019401900000000083
        },
        "TrainerController.start_learning": {
            "total": 15.568334699999998,
            "count": 1,
            "self": 0.004831899999993894,
            "children": {
                "TrainerController._reset_env": {
                    "total": 11.957310000000001,
                    "count": 1,
                    "self": 11.957310000000001
                },
                "trainer_threads": {
                    "total": 2.1300000000223918e-05,
                    "count": 1,
                    "self": 2.1300000000223918e-05,
                    "children": {
                        "thread_root": {
                            "total": 0.0,
                            "count": 0,
                            "is_parallel": true,
                            "self": 0.0,
                            "children": {
                                "trainer_advance": {
                                    "total": 0.004617700000000724,
                                    "count": 1,
                                    "is_parallel": true,
                                    "self": 4.990000000049122e-05,
                                    "children": {
                                        "process_trajectory": {
                                            "total": 0.004567800000000233,
                                            "count": 1,
                                            "is_parallel": true,
                                            "self": 0.004567800000000233
                                        }
                                    }
                                }
                            }
                        }
                    }
                },
                "TrainerController._save_models": {
                    "total": 3.606171500000002,
                    "count": 1,
                    "self": 0.009631500000001125,
                    "children": {
                        "RLTrainer._checkpoint": {
                            "total": 3.596540000000001,
                            "count": 1,
                            "self": 3.596540000000001
                        }
                    }
                }
            }
        }
    }
}