{
    "name": "root",
    "gauges": {
        "OneJumpRaycast.Policy.Entropy.mean": {
            "value": 1.4042607545852661,
            "min": 1.4042607545852661,
            "max": 1.4124329090118408,
            "count": 5
        },
        "OneJumpRaycast.Policy.ExtrinsicValueEstimate.mean": {
            "value": -0.007121899630874395,
            "min": -0.007121899630874395,
            "max": 0.09481465071439743,
            "count": 5
        },
        "OneJumpRaycast.Losses.ValueLoss.mean": {
            "value": 1.4275281046138844e-06,
            "min": 1.4275281046138844e-06,
            "max": 9.460731962462887e-05,
            "count": 5
        },
        "OneJumpRaycast.Losses.PolicyLoss.mean": {
            "value": 0.023274751380085945,
            "min": 0.023274751380085945,
            "max": 0.024858267977833748,
            "count": 5
        },
        "OneJumpRaycast.Policy.LearningRate.mean": {
            "value": 0.00016546662664040923,
            "min": 0.00016546662664040923,
            "max": 0.000271358439931646,
            "count": 5
        },
        "OneJumpRaycast.Policy.Epsilon.mean": {
            "value": 0.1551555097103119,
            "min": 0.1551555097103119,
            "max": 0.19045275449752808,
            "count": 5
        },
        "OneJumpRaycast.Policy.Beta.mean": {
            "value": 0.0027622603811323643,
            "min": 0.0027622603811323643,
            "max": 0.004523594863712788,
            "count": 5
        },
        "OneJumpRaycast.IsTraining.mean": {
            "value": 1.0,
            "min": 1.0,
            "max": 1.0,
            "count": 5
        },
        "OneJumpRaycast.Environment.EpisodeLength.mean": {
            "value": 4999.0,
            "min": 4999.0,
            "max": 4999.0,
            "count": 2
        },
        "OneJumpRaycast.Environment.CumulativeReward.mean": {
            "value": -0.9976929765737926,
            "min": -0.9976929765737926,
            "max": -0.995526511584305,
            "count": 2
        },
        "OneJumpRaycast.Policy.ExtrinsicReward.mean": {
            "value": -0.9976929765737926,
            "min": -0.9976929765737926,
            "max": -0.995526511584305,
            "count": 2
        }
    },
    "metadata": {
        "timer_format_version": "0.1.0",
        "start_time_seconds": "1616747844",
        "python_version": "3.8.5 (default, Sep  3 2020, 21:29:08) [MSC v.1916 64 bit (AMD64)]",
        "command_line_arguments": "C:\\Users\\Usuario1\\anaconda3\\envs\\mlagents1\\Scripts\\mlagents-learn --run-id=OJDangerRaycast2 --resume",
        "mlagents_version": "0.20.0",
        "mlagents_envs_version": "0.20.0",
        "communication_protocol_version": "1.1.0",
        "tensorflow_version": "2.2.0-rc1",
        "numpy_version": "1.18.5",
        "end_time_seconds": "1616748263"
    },
    "total": 419.0291385,
    "count": 1,
    "self": 0.006330599999955666,
    "children": {
        "run_training.setup": {
            "total": 0.022640500000000507,
            "count": 1,
            "self": 0.022640500000000507
        },
        "TrainerController.start_learning": {
            "total": 419.0001674,
            "count": 1,
            "self": 0.5251310999984753,
            "children": {
                "TrainerController._reset_env": {
                    "total": 10.2664015,
                    "count": 1,
                    "self": 10.2664015
                },
                "TrainerController.advance": {
                    "total": 405.1791520000016,
                    "count": 14384,
                    "self": 0.24841770000057295,
                    "children": {
                        "env_step": {
                            "total": 404.930734300001,
                            "count": 14384,
                            "self": 374.1728936999985,
                            "children": {
                                "SubprocessEnvManager._take_step": {
                                    "total": 30.49456110000061,
                                    "count": 14384,
                                    "self": 0.6501217000013995,
                                    "children": {
                                        "TFPolicy.evaluate": {
                                            "total": 29.84443939999921,
                                            "count": 14384,
                                            "self": 29.84443939999921
                                        }
                                    }
                                },
                                "workers": {
                                    "total": 0.2632795000018806,
                                    "count": 14383,
                                    "self": 0.0,
                                    "children": {
                                        "worker_root": {
                                            "total": 407.23723590000293,
                                            "count": 14383,
                                            "is_parallel": true,
                                            "self": 73.50235300000156,
                                            "children": {
                                                "steps_from_proto": {
                                                    "total": 0.0008915999999992152,
                                                    "count": 1,
                                                    "is_parallel": true,
                                                    "self": 0.00016479999999852168,
                                                    "children": {
                                                        "_process_vector_observation": {
                                                            "total": 0.0007268000000006936,
                                                            "count": 4,
                                                            "is_parallel": true,
                                                            "self": 0.0007268000000006936
                                                        }
                                                    }
                                                },
                                                "UnityEnvironment.step": {
                                                    "total": 333.7339913000014,
                                                    "count": 14383,
                                                    "is_parallel": true,
                                                    "self": 1.7310628999973687,
                                                    "children": {
                                                        "UnityEnvironment._generate_step_input": {
                                                            "total": 11.773981999998439,
                                                            "count": 14383,
                                                            "is_parallel": true,
                                                            "self": 11.773981999998439
                                                        },
                                                        "communicator.exchange": {
                                                            "total": 309.1946415000058,
                                                            "count": 14383,
                                                            "is_parallel": true,
                                                            "self": 309.1946415000058
                                                        },
                                                        "steps_from_proto": {
                                                            "total": 11.034304899999755,
                                                            "count": 14383,
                                                            "is_parallel": true,