{
    "name": "root",
    "metadata": {
        "timer_format_version": "0.1.0",
        "start_time_seconds": "1616749244",
        "python_version": "3.8.5 (default, Sep  3 2020, 21:29:08) [MSC v.1916 64 bit (AMD64)]",
        "command_line_arguments": "C:\\Users\\Usuario1\\anaconda3\\envs\\mlagents1\\Scripts\\mlagents-learn --run-id=OJDangerRaycast3 --resume",
        "mlagents_version": "0.20.0",
        "mlagents_envs_version": "0.20.0",
        "communication_protocol_version": "1.1.0",
        "tensorflow_version": "2.2.0-rc1",
        "numpy_version": "1.18.5",
        "end_time_seconds": "1616749259"
    },
    "total": 14.7195611,
    "count": 1,
    "self": 0.327320499999999,
    "children": {
        "run_training.setup": {
            "total": 0.019368000000000052,
            "count": 1,
            "self": 0.019368000000000052
        },
        "TrainerController.start_learning": {
            "total": 14.3728726,
            "count": 1,
            "self": 0.006147399999999692,
            "children": {
                "TrainerController._reset_env": {
                    "total": 11.329388900000001,
                    "count": 1,
                    "self": 11.329388900000001
                },
                "trainer_threads": {
                    "total": 3.9699999998532576e-05,
                    "count": 1,
                    "self": 3.9699999998532576e-05,
                    "children": {
                        "thread_root": {
                            "total": 0.0,
                            "count": 0,
                            "is_parallel": true,
                            "self": 0.0,
                            "children": {
                                "trainer_advance": {
                                    "total": 0.00581940000000003,
                                    "count": 1,
                                    "is_parallel": true,
                                    "self": 4.7399999999697684e-05,
                                    "children": {
                                        "process_trajectory": {
                                            "total": 0.005772000000000332,
                                            "count": 1,
                                            "is_parallel": true,
                                            "self": 0.005772000000000332
                                        }
                                    }
                                }
                            }
                        }
                    }
                },
                "TrainerController._save_models": {
                    "total": 3.0372966000000012,
                    "count": 1,
                    "self": 0.011332199999998238,
                    "children": {
                        "RLTrainer._checkpoint": {
                            "total": 3.025964400000003,
                            "count": 1,
                            "self": 3.025964400000003
                        }
                    }
                }
            }
        }
    }
}