{
    "name": "root",
    "metadata": {
        "timer_format_version": "0.1.0",
        "start_time_seconds": "1604319475",
        "python_version": "3.8.5 (default, Sep  3 2020, 21:29:08) [MSC v.1916 64 bit (AMD64)]",
        "command_line_arguments": "C:\\Users\\Usuario1\\anaconda3\\envs\\mlagents1\\Scripts\\mlagents-learn Basic.yaml --run-id=Prueba1 --resume",
        "mlagents_version": "0.20.0",
        "mlagents_envs_version": "0.20.0",
        "communication_protocol_version": "1.1.0",
        "tensorflow_version": "2.2.0-rc1",
        "numpy_version": "1.19.2",
        "end_time_seconds": "1604319584"
    },
    "total": 108.9187144,
    "count": 1,
    "self": 0.007842400000001248,
    "children": {
        "run_training.setup": {
            "total": 0.014457500000000234,
            "count": 1,
            "self": 0.014457500000000234
        },
        "TrainerController.start_learning": {
            "total": 108.89641449999999,
            "count": 1,
            "self": 0.07957110000013756,
            "children": {
                "TrainerController._reset_env": {
                    "total": 16.5874757,
                    "count": 1,
                    "self": 16.5874757
                },
                "TrainerController.advance": {
                    "total": 85.73298579999985,
                    "count": 2596,
                    "self": 0.036893599999714866,
                    "children": {
                        "env_step": {
                            "total": 85.69609220000014,
                            "count": 2596,
                            "self": 75.24827259999981,
                            "children": {
                                "SubprocessEnvManager._take_step": {
                                    "total": 10.384159400000307,
                                    "count": 2596,
                                    "self": 0.07707490000047557,
                                    "children": {
                                        "TFPolicy.evaluate": {
                                            "total": 10.307084499999831,
                                            "count": 2592,
                                            "self": 10.307084499999831
                                        }
                                    }
                                },
                                "workers": {
                                    "total": 0.06366020000001527,
                                    "count": 2595,
                                    "self": 0.0,
                                    "children": {
                                        "worker_root": {
                                            "total": 89.87304550000017,
                                            "count": 2595,
                                            "is_parallel": true,
                                            "self": 17.496549300000382,
                                            "children": {
                                                "steps_from_proto": {
                                                    "total": 0.014545800000000497,
                                                    "count": 1,
                                                    "is_parallel": true,
                                                    "self": 0.0004089000000018217,
                                                    "children": {
                                                        "_process_visual_observation": {
                                                            "total": 0.013978999999999075,
                                                            "count": 2,
                                                            "is_parallel": true,
                                                            "self": 4.559999999997899e-05,
                                                            "children": {
                                                                "observation_to_np_array": {
                                                                    "total": 0.013933399999999097,
                                                                    "count": 1,
                                                                    "is_parallel": true,
                                                                    "self": 3.069999999993911e-05,
                                                                    "children": {
                                                                        "process_pixels": {
                                                                            "total": 0.013902699999999157,
                                                                            "count": 1,
                                                                            "is_parallel": true,
                                                                            "self": 0.00024080000000026303,
                                                                            "children": {
                                                                                "image_decompress": {
                                                                                    "total": 0.013661899999998894,
                                                                                    "count": 1,
                                                                                    "is_parallel": true,
                                                                                    "self": 0.013661899999998894
                                                                                }
                                                                            }
                                                                        }
                                                                    }
                                                                }
                                                            }
                                                        },
                                                        "_process_vector_observation": {
                                                            "total": 0.00015789999999960003,
                                                            "count": 2,
                                                            "is_parallel": true,
                                                            "self": 0.00015789999999960003
                                                        }
                                                    }
                                                },
                                                "UnityEnvironment.step": {
                                                    "total": 72.3619503999998,
                                                    "count": 2595,
                                                    "is_parallel": true,
                                                    "self": 0.22021679999907917,
                                                    "children": {
                                                        "UnityEnvironment._generate_step_input": {
                                                            "total": 0.45568230000008825,
                                                            "count": 2595,
                                                            "is_parallel": true,
                                                            "self": 0.45568230000008825
                                                        },
                                                        "communicator.exchange": {
                                                            "total": 68.9153357000006,
                                                            "count": 2595,
                                                            "is_parallel": true,