{
    "name": "root",
    "gauges": {
        "RaycastRandom.Policy.Entropy.mean": {
            "value": 0.6799482703208923,
            "min": 0.6749182343482971,
            "max": 1.3796957731246948,
            "count": 8
        },
        "RaycastRandom.Policy.ExtrinsicValueEstimate.mean": {
            "value": 0.03639305755496025,
            "min": 0.03639305755496025,
            "max": 1.0210341215133667,
            "count": 8
        },
        "RaycastRandom.Environment.EpisodeLength.mean": {
            "value": 8326.0,
            "min": 119.46928746928747,
            "max": 8326.0,
            "count": 8
        },
        "RaycastRandom.Environment.CumulativeReward.mean": {
            "value": -0.20000000298023224,
            "min": -0.20000000298023224,
            "max": 8.437375697552133,
            "count": 8
        },
        "RaycastRandom.Policy.ExtrinsicReward.mean": {
            "value": -0.20000000298023224,
            "min": -0.20000000298023224,
            "max": 8.437375697552133,
            "count": 8
        },
        "RaycastRandom.Losses.ValueLoss.mean": {
            "value": 2.8949709303560667e-05,
            "min": 2.8949709303560667e-05,
            "max": 12.2538480758667,
            "count": 8
        },
        "RaycastRandom.Losses.PolicyLoss.mean": {
            "value": 0.029713571071624756,
            "min": 0.02917347475886345,
            "max": 0.03212059289216995,
            "count": 8
        },
        "RaycastRandom.Policy.LearningRate.mean": {
            "value": 0.0002887446607928723,
            "min": 0.0002887446607928723,
            "max": 0.0002992195077240467,
            "count": 8
        },
        "RaycastRandom.Policy.Epsilon.mean": {
            "value": 0.19624821841716766,
            "min": 0.19624821841716766,
            "max": 0.19973982870578766,
            "count": 8
        },
        "RaycastRandom.Policy.Beta.mean": {
            "value": 0.004812785889953375,
            "min": 0.004812785889953375,
            "max": 0.004987017717212439,
            "count": 8
        },
        "RaycastRandom.IsTraining.mean": {
            "value": 1.0,
            "min": 1.0,
            "max": 1.0,
            "count": 8
        }
    },
    "metadata": {
        "timer_format_version": "0.1.0",
        "start_time_seconds": "1617302176",
        "python_version": "3.8.5 (default, Sep  3 2020, 21:29:08) [MSC v.1916 64 bit (AMD64)]",
        "command_line_arguments": "C:\\Users\\Usuario1\\anaconda3\\envs\\mlagents1\\Scripts\\mlagents-learn config/2d/RandomRaycast.yaml --run-id=RandomRaycast3 --force",
        "mlagents_version": "0.20.0",
        "mlagents_envs_version": "0.20.0",
        "communication_protocol_version": "1.1.0",
        "tensorflow_version": "2.2.0-rc1",
        "numpy_version": "1.18.5",
        "end_time_seconds": "1617302884"
    },
    "total": 707.3106169,
    "count": 1,
    "self": 0.010599100000035833,
    "children": {
        "run_training.setup": {
            "total": 0.010696100000000541,
            "count": 1,
            "self": 0.010696100000000541
        },
        "TrainerController.start_learning": {
            "total": 707.2893217,
            "count": 1,
            "self": 1.4935529999867185,
            "children": {
                "TrainerController._reset_env": {
                    "total": 12.536910899999999,
                    "count": 1,
                    "self": 12.536910899999999
                },
                "TrainerController.advance": {
                    "total": 688.7861139000133,
                    "count": 40317,
                    "self": 0.7423007000135158,
                    "children": {
                        "env_step": {
                            "total": 688.0438131999998,
                            "count": 40317,
                            "self": 542.7893503999983,
                            "children": {
                                "SubprocessEnvManager._take_step": {
                                    "total": 144.47183060000447,
                                    "count": 40317,
                                    "self": 1.8386272999996436,
                                    "children": {
                                        "TFPolicy.evaluate": {
                                            "total": 142.63320330000482,
                                            "count": 40317,
                                            "self": 142.63320330000482
                                        }
                                    }
                                },
                                "workers": {
                                    "total": 0.7826321999970425,
                                    "count": 40316,
                                    "self": 0.0,
                                    "children": {
                                        "worker_root": {
                                            "total": 691.4923248000001,
                                            "count": 40316,
                                            "is_parallel": true,
                                            "self": 237.93881130000347,
                                            "children": {
                                                "steps_from_proto": {
                                                    "total": 0.0005449000000012916,
                                                    "count": 1,
                                                    "is_parallel": true,
                                                    "self": 0.00028840000000052157,
                                                    "children": {
                                                        "_process_vector_observation": {
                                                            "total": 0.00025650000000077,
                                                            "count": 2,
                                                            "is_parallel": true,
                                                            "self": 0.00025650000000077
                                                        }
                                                    }
                                                },
                                                "UnityEnvironment.step": {
                                                    "total": 453.55296859999663,
                                                    "count": 40316,
                                                    "is_parallel": true,
                                                    "self": 3.9284529000117914,
                                                    "children": {
                                                        "UnityEnvironment._generate_step_input": {
                                                            "total": 21.59850840000138,
                                                            "count": 40316,
                                                            "is_parallel": true,
                                                            "self": 21.59850840000138
                                                        },
                                                        "communicator.exchange": {
                                                            "total": 409.9567923999945,
                                                            "count": 40316,
                                                            "is_parallel": true,
                                                            "self": 409.9567923999945
                                                        },
                                                        "steps_from_proto": {
                                                            "total": 18.069214899988935,
                                                            "count": 40316,