{
    "name": "root",
    "gauges": {
        "RelativePosRandom.Policy.Entropy.mean": {
            "value": 0.6432018280029297,
            "min": 0.5652883648872375,
            "max": 1.280720591545105,
            "count": 10
        },
        "RelativePosRandom.Policy.ExtrinsicValueEstimate.mean": {
            "value": -0.024757439270615578,
            "min": -22.51753044128418,
            "max": -0.01086454838514328,
            "count": 10
        },
        "RelativePosRandom.Policy.CuriosityValueEstimate.mean": {
            "value": 0.2896329164505005,
            "min": 0.2896329164505005,
            "max": 5.68316650390625,
            "count": 10
        },
        "RelativePosRandom.Losses.ValueLoss.mean": {
            "value": 0.003582413075491786,
            "min": 0.003582413075491786,
            "max": 23.124181747436523,
            "count": 10
        },
        "RelativePosRandom.Losses.PolicyLoss.mean": {
            "value": 0.06846073269844055,
            "min": 0.06654547154903412,
            "max": 0.07197854667901993,
            "count": 10
        },
        "RelativePosRandom.Policy.LearningRate.mean": {
            "value": 1.5072097085067071e-05,
            "min": 1.5072097085067071e-05,
            "max": 0.00028464000206440687,
            "count": 10
        },
        "RelativePosRandom.Policy.Epsilon.mean": {
            "value": 0.10502400249242783,
            "min": 0.10502400249242783,
            "max": 0.19488000869750977,
            "count": 10
        },
        "RelativePosRandom.Policy.Beta.mean": {
            "value": 0.0005118976114317775,
            "min": 0.0005118976114317775,
            "max": 0.009488511830568314,
            "count": 10
        },
        "RelativePosRandom.Losses.CuriosityForwardLoss.mean": {
            "value": 0.10053324699401855,
            "min": 0.10053324699401855,
            "max": 203.38209533691406,
            "count": 10
        },
        "RelativePosRandom.Losses.CuriosityInverseLoss.mean": {
            "value": 0.622211217880249,
            "min": 0.5747971534729004,
            "max": 1.2959872484207153,
            "count": 10
        },
        "RelativePosRandom.IsTraining.mean": {
            "value": 1.0,
            "min": 1.0,
            "max": 1.0,
            "count": 10
        }
    },
    "metadata": {
        "timer_format_version": "0.1.0",
        "start_time_seconds": "1617225096",
        "python_version": "3.8.5 (default, Sep  3 2020, 21:29:08) [MSC v.1916 64 bit (AMD64)]",
        "command_line_arguments": "C:\\Users\\Usuario1\\anaconda3\\envs\\mlagents1\\Scripts\\mlagents-learn config/ppo/RelativePosRandom.yaml --run-id=RelativeRandom8 --force",
        "mlagents_version": "0.20.0",
        "mlagents_envs_version": "0.20.0",
        "communication_protocol_version": "1.1.0",
        "tensorflow_version": "2.2.0-rc1",
        "numpy_version": "1.18.5",
        "end_time_seconds": "1617226456"
    },
    "total": 1360.4986755,
    "count": 1,
    "self": 0.4272252999999182,
    "children": {
        "run_training.setup": {
            "total": 0.020801199999999298,
            "count": 1,
            "self": 0.020801199999999298
        },
        "TrainerController.start_learning": {
            "total": 1360.050649,
            "count": 1,
            "self": 2.1499803000149313,
            "children": {
                "TrainerController._reset_env": {
                    "total": 23.799172000000006,
                    "count": 1,
                    "self": 23.799172000000006
                },
                "TrainerController.advance": {
                    "total": 1327.748584299985,
                    "count": 50089,
                    "self": 1.0262255999768968,
                    "children": {
                        "env_step": {
                            "total": 1326.722358700008,
                            "count": 50089,
                            "self": 721.3334935000189,
                            "children": {
                                "SubprocessEnvManager._take_step": {
                                    "total": 604.2947727000038,
                                    "count": 50089,
                                    "self": 2.703727099995831,
                                    "children": {
                                        "TFPolicy.evaluate": {
                                            "total": 601.591045600008,
                                            "count": 50089,
                                            "self": 601.591045600008
                                        }
                                    }
                                },
                                "workers": {
                                    "total": 1.0940924999853294,
                                    "count": 50089,
                                    "self": 0.0,
                                    "children": {
                                        "worker_root": {
                                            "total": 1336.7338285000023,
                                            "count": 50089,
                                            "is_parallel": true,
                                            "self": 759.547591399983,
                                            "children": {
                                                "steps_from_proto": {
                                                    "total": 0.0006759000000009507,
                                                    "count": 1,
                                                    "is_parallel": true,
                                                    "self": 0.00033060000000162404,
                                                    "children": {
                                                        "_process_vector_observation": {
                                                            "total": 0.0003452999999993267,
                                                            "count": 2,
                                                            "is_parallel": true,
                                                            "self": 0.0003452999999993267
                                                        }
                                                    }
                                                },
                                                "UnityEnvironment.step": {
                                                    "total": 577.1855612000193,
                                                    "count": 50089,
                                                    "is_parallel": true,
                                                    "self": 5.357561000018222,
                                                    "children": {
                                                        "UnityEnvironment._generate_step_input": {
                                                            "total": 29.04657559999869,
                                                            "count": 50089,
                                                            "is_parallel": true,
                                                            "self": 29.04657559999869
                                                        },
                                                        "communicator.exchange": {
                                                            "total": 517.1991454000047,
                                                            "count": 50089,
                                                            "is_parallel": true,
                                                            "self": 517.1991454000047
                                                        },
                                                        "steps_from_proto": {
                                                            "total": 25.582279199997622,