{
    "name": "root",
    "gauges": {
        "RaycastRandomChoice.Policy.Entropy.mean": {
            "value": 0.5421388149261475,
            "min": 0.3384338319301605,
            "max": 1.330313801765442,
            "count": 43
        },
        "RaycastRandomChoice.Policy.ExtrinsicValueEstimate.mean": {
            "value": 0.07707889378070831,
            "min": -0.16444379091262817,
            "max": 0.127333402633667,
            "count": 43
        },
        "RaycastRandomChoice.Environment.EpisodeLength.mean": {
            "value": 40996.0,
            "min": 417.56310679611653,
            "max": 80328.0,
            "count": 23
        },
        "RaycastRandomChoice.Environment.CumulativeReward.mean": {
            "value": -0.10000000149011612,
            "min": -0.20000000298023224,
            "max": 1.186281459749613,
            "count": 23
        },
        "RaycastRandomChoice.Policy.ExtrinsicReward.mean": {
            "value": -0.10000000149011612,
            "min": -0.20000000298023224,
            "max": 1.186281459749613,
            "count": 23
        },
        "RaycastRandomChoice.Losses.ValueLoss.mean": {
            "value": 0.003106907708570361,
            "min": 7.44495919207111e-05,
            "max": 0.33530980348587036,
            "count": 43
        },
        "RaycastRandomChoice.Losses.PolicyLoss.mean": {
            "value": 0.03189057111740112,
            "min": 0.027684204280376434,
            "max": 0.033706050366163254,
            "count": 43
        },
        "RaycastRandomChoice.Policy.LearningRate.mean": {
            "value": 0.00023625713947694749,
            "min": 0.00023625713947694749,
            "max": 0.00029924866976216435,
            "count": 43
        },
        "RaycastRandomChoice.Policy.Epsilon.mean": {
            "value": 0.1787523776292801,
            "min": 0.1787523776292801,
            "max": 0.19974955916404724,
            "count": 43
        },
        "RaycastRandomChoice.Policy.Beta.mean": {
            "value": 0.0039397431537508965,
            "min": 0.0039397431537508965,
            "max": 0.004987502470612526,
            "count": 43
        },
        "RaycastRandomChoice.IsTraining.mean": {
            "value": 1.0,
            "min": 1.0,
            "max": 1.0,
            "count": 43
        }
    },
    "metadata": {
        "timer_format_version": "0.1.0",
        "start_time_seconds": "1618569042",
        "python_version": "3.8.5 (default, Sep  3 2020, 21:29:08) [MSC v.1916 64 bit (AMD64)]",
        "command_line_arguments": "C:\\Users\\Usuario1\\anaconda3\\envs\\mlagents1\\Scripts\\mlagents-learn config/2d/RaycastRandomChoice.yaml --run-id=RaycastRandomChoice --force",
        "mlagents_version": "0.20.0",
        "mlagents_envs_version": "0.20.0",
        "communication_protocol_version": "1.1.0",
        "tensorflow_version": "2.2.0-rc1",
        "numpy_version": "1.18.5",
        "end_time_seconds": "1618572255"
    },
    "total": 3212.6772461,
    "count": 1,
    "self": 0.01037940000060189,
    "children": {
        "run_training.setup": {
            "total": 0.010849599999999349,
            "count": 1,
            "self": 0.010849599999999349
        },
        "TrainerController.start_learning": {
            "total": 3212.6560170999996,
            "count": 1,
            "self": 7.192348299979585,
            "children": {
                "TrainerController._reset_env": {
                    "total": 10.511566000000002,
                    "count": 1,
                    "self": 10.511566000000002
                },
                "TrainerController.advance": {
                    "total": 3191.03043030002,
                    "count": 216167,
                    "self": 3.584293400066599,
                    "children": {
                        "env_step": {
                            "total": 3187.446136899953,
                            "count": 216167,
                            "self": 2596.833197499909,
                            "children": {
                                "SubprocessEnvManager._take_step": {
                                    "total": 586.7246892000222,
                                    "count": 216167,
                                    "self": 8.928036199946064,
                                    "children": {
                                        "TFPolicy.evaluate": {
                                            "total": 577.7966530000762,
                                            "count": 216167,
                                            "self": 577.7966530000762
                                        }
                                    }
                                },
                                "workers": {
                                    "total": 3.8882502000219734,
                                    "count": 216166,
                                    "self": 0.0,
                                    "children": {
                                        "worker_root": {
                                            "total": 3193.6279675000224,
                                            "count": 216166,
                                            "is_parallel": true,
                                            "self": 1081.7006725999968,
                                            "children": {
                                                "steps_from_proto": {
                                                    "total": 0.0006594999999993689,
                                                    "count": 1,
                                                    "is_parallel": true,
                                                    "self": 0.0003112999999999033,
                                                    "children": {
                                                        "_process_vector_observation": {
                                                            "total": 0.0003481999999994656,
                                                            "count": 2,
                                                            "is_parallel": true,
                                                            "self": 0.0003481999999994656
                                                        }
                                                    }
                                                },
                                                "UnityEnvironment.step": {
                                                    "total": 2111.9266354000256,
                                                    "count": 216166,
                                                    "is_parallel": true,
                                                    "self": 19.66569890003666,
                                                    "children": {
                                                        "UnityEnvironment._generate_step_input": {
                                                            "total": 112.73514749996866,
                                                            "count": 216166,
                                                            "is_parallel": true,
                                                            "self": 112.73514749996866
                                                        },
                                                        "communicator.exchange": {
                                                            "total": 1883.2305257999915,
                                                            "count": 216166,
                                                            "is_parallel": true,
                                                            "self": 1883.2305257999915
                                                        },
                                                        "steps_from_proto": {
                                                            "total": 96.29526320002877,