{
    "name": "root",
    "gauges": {
        "MovingObstaclesRaycast.Policy.Entropy.mean": {
            "value": 0.18295997381210327,
            "min": 0.18295997381210327,
            "max": 0.3269377648830414,
            "count": 10
        },
        "MovingObstaclesRaycast.Environment.EpisodeLength.mean": {
            "value": 204.739837398374,
            "min": 108.80525164113786,
            "max": 215.43722943722943,
            "count": 10
        },
        "MovingObstaclesRaycast.Policy.ExtrinsicValueEstimate.mean": {
            "value": -0.011786546558141708,
            "min": -0.06270773708820343,
            "max": 0.028542375192046165,
            "count": 10
        },
        "MovingObstaclesRaycast.Environment.CumulativeReward.mean": {
            "value": -0.018038333158909788,
            "min": -0.12401184442912647,
            "max": 0.14159580958468834,
            "count": 10
        },
        "MovingObstaclesRaycast.Policy.ExtrinsicReward.mean": {
            "value": -0.018038333158909788,
            "min": -0.12401184442912647,
            "max": 0.14159580958468834,
            "count": 10
        },
        "MovingObstaclesRaycast.Losses.ValueLoss.mean": {
            "value": 0.007537963334470987,
            "min": 0.006735634058713913,
            "max": 0.029286449775099754,
            "count": 10
        },
        "MovingObstaclesRaycast.Losses.PolicyLoss.mean": {
            "value": 0.02899669110774994,
            "min": 0.02825857140123844,
            "max": 0.03269278630614281,
            "count": 10
        },
        "MovingObstaclesRaycast.Policy.LearningRate.mean": {
            "value": 0.0002722760254982859,
            "min": 0.0002722760254982859,
            "max": 0.0002857030776795,
            "count": 10
        },
        "MovingObstaclesRaycast.Policy.Epsilon.mean": {
            "value": 0.19075869023799896,
            "min": 0.19075869023799896,
            "max": 0.19523434340953827,
            "count": 10
        },
        "MovingObstaclesRaycast.Policy.Beta.mean": {
            "value": 0.004538857843726873,
            "min": 0.004538857843726873,
            "max": 0.004762194585055113,
            "count": 10
        },
        "MovingObstaclesRaycast.IsTraining.mean": {
            "value": 1.0,
            "min": 1.0,
            "max": 1.0,
            "count": 10
        }
    },
    "metadata": {
        "timer_format_version": "0.1.0",
        "start_time_seconds": "1620301158",
        "python_version": "3.8.5 (default, Sep  3 2020, 21:29:08) [MSC v.1916 64 bit (AMD64)]",
        "command_line_arguments": "C:\\Users\\Usuario1\\anaconda3\\envs\\mlagents1\\Scripts\\mlagents-learn config/2d/MovingObstaclesRaycast.yaml --run-id=MovingObstaclesRaycast3 --resume",
        "mlagents_version": "0.20.0",
        "mlagents_envs_version": "0.20.0",
        "communication_protocol_version": "1.1.0",
        "tensorflow_version": "2.2.0-rc1",
        "numpy_version": "1.18.5",
        "end_time_seconds": "1620302076"
    },
    "total": 917.6457664000001,
    "count": 1,
    "self": 0.007961700000009841,
    "children": {
        "run_training.setup": {
            "total": 0.017193299999999745,
            "count": 1,
            "self": 0.017193299999999745
        },
        "TrainerController.start_learning": {
            "total": 917.6206114,
            "count": 1,
            "self": 2.0018146000001025,
            "children": {
                "TrainerController._reset_env": {
                    "total": 11.7238863,
                    "count": 1,
                    "self": 11.7238863
                },
                "TrainerController.advance": {
                    "total": 900.2243149999998,
                    "count": 56484,
                    "self": 0.9475602000097751,
                    "children": {
                        "env_step": {
                            "total": 899.27675479999,
                            "count": 56484,
                            "self": 723.8824488000037,
                            "children": {
                                "SubprocessEnvManager._take_step": {
                                    "total": 174.3325340999866,
                                    "count": 56484,
                                    "self": 2.3986501999888787,
                                    "children": {
                                        "TFPolicy.evaluate": {
                                            "total": 171.9338838999977,
                                            "count": 56484,
                                            "self": 171.9338838999977
                                        }
                                    }
                                },
                                "workers": {
                                    "total": 1.0617718999997372,
                                    "count": 56483,
                                    "self": 0.0,
                                    "children": {
                                        "worker_root": {
                                            "total": 903.0899380000071,
                                            "count": 56483,
                                            "is_parallel": true,
                                            "self": 297.0170760000051,
                                            "children": {
                                                "steps_from_proto": {
                                                    "total": 0.0006196000000002755,
                                                    "count": 1,
                                                    "is_parallel": true,
                                                    "self": 0.00028310000000075775,
                                                    "children": {
                                                        "_process_vector_observation": {
                                                            "total": 0.00033649999999951774,
                                                            "count": 2,
                                                            "is_parallel": true,
                                                            "self": 0.00033649999999951774
                                                        }
                                                    }
                                                },
                                                "UnityEnvironment.step": {
                                                    "total": 606.072242400002,
                                                    "count": 56483,
                                                    "is_parallel": true,
                                                    "self": 5.455922599972723,
                                                    "children": {
                                                        "UnityEnvironment._generate_step_input": {
                                                            "total": 27.956835900017335,
                                                            "count": 56483,
                                                            "is_parallel": true,
                                                            "self": 27.956835900017335
                                                        },
                                                        "communicator.exchange": {
                                                            "total": 544.5777453000023,
                                                            "count": 56483,
                                                            "is_parallel": true,
                                                            "self": 544.5777453000023
                                                        },