{
    "name": "root",
    "gauges": {
        "MovingObstaclesRaycast.Policy.Entropy.mean": {
            "value": 0.037118908017873764,
            "min": 0.012144443579018116,
            "max": 1.1990022659301758,
            "count": 45
        },
        "MovingObstaclesRaycast.Policy.ExtrinsicValueEstimate.mean": {
            "value": -0.007081407587975264,
            "min": -2.4428324699401855,
            "max": 0.31392186880111694,
            "count": 45
        },
        "MovingObstaclesRaycast.Environment.EpisodeLength.mean": {
            "value": 374.8814814814815,
            "min": 95.17054263565892,
            "max": 493.61386138613864,
            "count": 45
        },
        "MovingObstaclesRaycast.Environment.CumulativeReward.mean": {
            "value": 0.40666667073965074,
            "min": -0.15184516436645557,
            "max": 1.069000007212162,
            "count": 45
        },
        "MovingObstaclesRaycast.Policy.ExtrinsicReward.mean": {
            "value": 0.40666667073965074,
            "min": -0.15184516436645557,
            "max": 1.069000007212162,
            "count": 45
        },
        "MovingObstaclesRaycast.Losses.ValueLoss.mean": {
            "value": 0.019420819357037544,
            "min": 0.0023729929234832525,
            "max": 3.593534231185913,
            "count": 45
        },
        "MovingObstaclesRaycast.Losses.PolicyLoss.mean": {
            "value": 0.03154658153653145,
            "min": 0.025855369865894318,
            "max": 0.03406733646988869,
            "count": 45
        },
        "MovingObstaclesRaycast.Policy.LearningRate.mean": {
            "value": 0.00023323512868955731,
            "min": 0.00023323512868955731,
            "max": 0.00029921880923211575,
            "count": 45
        },
        "MovingObstaclesRaycast.Policy.Epsilon.mean": {
            "value": 0.1777450293302536,
            "min": 0.1777450293302536,
            "max": 0.19973959028720856,
            "count": 45
        },
        "MovingObstaclesRaycast.Policy.Beta.mean": {
            "value": 0.0038894768804311752,
            "min": 0.0038894768804311752,
            "max": 0.004987005610018969,
            "count": 45
        },
        "MovingObstaclesRaycast.IsTraining.mean": {
            "value": 1.0,
            "min": 1.0,
            "max": 1.0,
            "count": 45
        }
    },
    "metadata": {
        "timer_format_version": "0.1.0",
        "start_time_seconds": "1621848601",
        "python_version": "3.8.5 (default, Sep  3 2020, 21:29:08) [MSC v.1916 64 bit (AMD64)]",
        "command_line_arguments": "C:\\Users\\Usuario1\\anaconda3\\envs\\mlagents1\\Scripts\\mlagents-learn config/2d/MovingObstaclesRaycast.yaml --run-id=MovingObstaclesRaycast8",
        "mlagents_version": "0.20.0",
        "mlagents_envs_version": "0.20.0",
        "communication_protocol_version": "1.1.0",
        "tensorflow_version": "2.2.0-rc1",
        "numpy_version": "1.18.5",
        "end_time_seconds": "1621852281"
    },
    "total": 3679.9261268,
    "count": 1,
    "self": 0.007794200000262208,
    "children": {
        "run_training.setup": {
            "total": 0.011885900000000227,
            "count": 1,
            "self": 0.011885900000000227
        },
        "TrainerController.start_learning": {
            "total": 3679.9064467,
            "count": 1,
            "self": 8.154353400020227,
            "children": {
                "TrainerController._reset_env": {
                    "total": 10.7246801,
                    "count": 1,
                    "self": 10.7246801
                },
                "TrainerController.advance": {
                    "total": 3657.0287829999797,
                    "count": 226801,
                    "self": 3.783614099857914,
                    "children": {
                        "env_step": {
                            "total": 3653.245168900122,
                            "count": 226801,
                            "self": 2999.591054100056,
                            "children": {
                                "SubprocessEnvManager._take_step": {
                                    "total": 649.3976886000886,
                                    "count": 226801,
                                    "self": 9.110403500079997,
                                    "children": {
                                        "TFPolicy.evaluate": {
                                            "total": 640.2872851000086,
                                            "count": 226801,
                                            "self": 640.2872851000086
                                        }
                                    }
                                },
                                "workers": {
                                    "total": 4.256426199977051,
                                    "count": 226800,
                                    "self": 0.0,
                                    "children": {
                                        "worker_root": {
                                            "total": 3660.297440899902,
                                            "count": 226800,
                                            "is_parallel": true,
                                            "self": 1177.5704852998638,
                                            "children": {
                                                "steps_from_proto": {
                                                    "total": 0.0006041000000003294,
                                                    "count": 1,
                                                    "is_parallel": true,
                                                    "self": 0.0002776999999998253,
                                                    "children": {
                                                        "_process_vector_observation": {
                                                            "total": 0.00032640000000050406,
                                                            "count": 2,
                                                            "is_parallel": true,
                                                            "self": 0.00032640000000050406
                                                        }
                                                    }
                                                },
                                                "UnityEnvironment.step": {
                                                    "total": 2482.726351500038,
                                                    "count": 226800,
                                                    "is_parallel": true,
                                                    "self": 21.142254600013075,
                                                    "children": {
                                                        "UnityEnvironment._generate_step_input": {
                                                            "total": 118.58326849998093,
                                                            "count": 226800,
                                                            "is_parallel": true,
                                                            "self": 118.58326849998093
                                                        },
                                                        "communicator.exchange": {
                                                            "total": 2241.763904300006,
                                                            "count": 226800,
                                                            "is_parallel": true,
                                                            "self": 2241.763904300006
                                                        },