{
    "name": "root",
    "gauges": {
        "OneJumpCamDanger.Policy.Entropy.mean": {
            "value": 1.3828243017196655,
            "min": 1.3828243017196655,
            "max": 1.413654088973999,
            "count": 10
        },
        "OneJumpCamDanger.Policy.ExtrinsicValueEstimate.mean": {
            "value": -0.01634056307375431,
            "min": -0.01634056307375431,
            "max": -0.009609193541109562,
            "count": 10
        },
        "OneJumpCamDanger.Losses.ValueLoss.mean": {
            "value": 4.212729436403606e-07,
            "min": 4.1020729213414597e-07,
            "max": 0.0035902969539165497,
            "count": 10
        },
        "OneJumpCamDanger.Losses.PolicyLoss.mean": {
            "value": 0.022841785103082657,
            "min": 0.019460763782262802,
            "max": 0.027305850759148598,
            "count": 10
        },
        "OneJumpCamDanger.Policy.LearningRate.mean": {
            "value": 1.276041439268738e-05,
            "min": 1.276041439268738e-05,
            "max": 0.00028393924003466964,
            "count": 10
        },
        "OneJumpCamDanger.Policy.Epsilon.mean": {
            "value": 0.10425343364477158,
            "min": 0.10425343364477158,
            "max": 0.19464640319347382,
            "count": 10
        },
        "OneJumpCamDanger.Policy.Beta.mean": {
            "value": 0.00022224662825465202,
            "min": 0.00022224662825465202,
            "max": 0.004732855129987001,
            "count": 10
        },
        "OneJumpCamDanger.Environment.EpisodeLength.mean": {
            "value": 4999.0,
            "min": 4999.0,
            "max": 4999.0,
            "count": 10
        },
        "OneJumpCamDanger.Environment.CumulativeReward.mean": {
            "value": -0.8095380811719224,
            "min": -1.1296363152214326,
            "max": -0.7098665518351481,
            "count": 10
        },
        "OneJumpCamDanger.Policy.ExtrinsicReward.mean": {
            "value": -0.8095380811719224,
            "min": -1.1296363152214326,
            "max": -0.7098665518351481,
            "count": 10
        },
        "OneJumpCamDanger.IsTraining.mean": {
            "value": 1.0,
            "min": 1.0,
            "max": 1.0,
            "count": 10
        }
    },
    "metadata": {
        "timer_format_version": "0.1.0",
        "start_time_seconds": "1616711663",
        "python_version": "3.8.5 (default, Sep  3 2020, 21:29:08) [MSC v.1916 64 bit (AMD64)]",
        "command_line_arguments": "C:\\Users\\Usuario1\\anaconda3\\envs\\mlagents1\\Scripts\\mlagents-learn --run-id=OneJumpDangerCam3 --force",
        "mlagents_version": "0.20.0",
        "mlagents_envs_version": "0.20.0",
        "communication_protocol_version": "1.1.0",
        "tensorflow_version": "2.2.0-rc1",
        "numpy_version": "1.18.5",
        "end_time_seconds": "1616713314"
    },
    "total": 1651.327346,
    "count": 1,
    "self": 0.3534748000001855,
    "children": {
        "run_training.setup": {
            "total": 0.011416099999999929,
            "count": 1,
            "self": 0.011416099999999929
        },
        "TrainerController.start_learning": {
            "total": 1650.9624551,
            "count": 1,
            "self": 2.575591700006953,
            "children": {
                "TrainerController._reset_env": {
                    "total": 10.727093700000001,
                    "count": 1,
                    "self": 10.727093700000001
                },
                "TrainerController.advance": {
                    "total": 1633.138280999993,
                    "count": 62658,
                    "self": 1.060690899975043,
                    "children": {
                        "env_step": {
                            "total": 1632.077590100018,
                            "count": 62658,
                            "self": 1355.5759476000599,
                            "children": {
                                "SubprocessEnvManager._take_step": {
                                    "total": 274.74603019997426,
                                    "count": 62658,
                                    "self": 2.5622225999512693,
                                    "children": {
                                        "TFPolicy.evaluate": {
                                            "total": 272.183807600023,
                                            "count": 62658,
                                            "self": 272.183807600023
                                        }
                                    }
                                },
                                "workers": {
                                    "total": 1.7556122999839232,
                                    "count": 62658,
                                    "self": 0.0,
                                    "children": {
                                        "worker_root": {
                                            "total": 1636.0017021000222,
                                            "count": 62658,
                                            "is_parallel": true,
                                            "self": 456.3561938000148,
                                            "children": {
                                                "steps_from_proto": {
                                                    "total": 0.017540300000000286,
                                                    "count": 1,
                                                    "is_parallel": true,
                                                    "self": 0.00016180000000165506,
                                                    "children": {
                                                        "_process_visual_observation": {
                                                            "total": 0.017141699999998927,
                                                            "count": 2,
                                                            "is_parallel": true,
                                                            "self": 0.0004106999999979877,
                                                            "children": {
                                                                "observation_to_np_array": {
                                                                    "total": 0.01673100000000094,
                                                                    "count": 8,
                                                                    "is_parallel": true,
                                                                    "self": 0.00018770000000145615,
                                                                    "children": {
                                                                        "process_pixels": {
                                                                            "total": 0.016543299999999483,
                                                                            "count": 8,
                                                                            "is_parallel": true,
                                                                            "self": 0.0012271999999979855,
                                                                            "children": {
                                                                                "image_decompress": {
                                                                                    "total": 0.015316100000001498,
                                                                                    "count": 8,
                                                                                    "is_parallel": true,